{"JADE": {"10": {"11": {"index": 6, "best": 1105.6616761144944, "mean": 1117.509747762118}, "12": {"index": 7, "best": 1438.605712800382, "mean": 5430.6746834476744}, "13": {"index": 6, "best": 1304.681557586496, "mean": 1328.7552621807056}, "14": {"index": 6, "best": 1412.9344324321244, "mean": 1428.1694386755057}, "15": {"index": 2, "best": 1502.4961893554773, "mean": 1508.3115399316844}, "16": {"index": 8, "best": 1958.8579969069781, "mean": 2094.6308161992592}, "17": {"index": 0, "best": 1730.7153184149217, "mean": 1748.1298781708749}, "18": {"index": 5, "best": 1804.2985377086538, "mean": 1825.0916387642642}, "19": {"index": 6, "best": 1900.3997860648019, "mean": 1902.1529651160058}, "20": {"index": 5, "best": 2148.5389375788914, "mean": 2178.3131728454136}, "21": {"index": 5, "best": 2314.4211352507455, "mean": 2338.6887187221519}, "22": {"index": 7, "best": 2300.0000002149982, "mean": 2300.0934848255747}, "23": {"index": 1, "best": 3003.6785631500934, "mean": 3091.220409802751}, "24": {"index": 0, "best": 2500.0000000000005, "mean": 2500.0000000000005}, "25": {"index": 1, "best": 2899.5849678716786, "mean": 2930.26650645175}, "26": {"index": 2, "best": 2800.0000000000005, "mean": 2956.0641731233404}, "27": {"index": 2, "best": 3072.4390231178213, "mean": 3178.5096445197901}, "28": {"index": 1, "best": 3184.7556496106567, "mean": 3195.1130421633379}, "29": {"index": 8, "best": 3172.4001936051141, "mean": 3233.7076772144492}, "30": {"index": 9, "best": 3207.7669417968823, "mean": 4615.5913158551866}}, "100": {"11": {"index": 2, "best": 40447.54868816361, "mean": 57228.683666278273}, "12": {"index": 2, "best": 2893556.2722254875, "mean": 6415173.6096998043}, "13": {"index": 3, "best": 4622.6985530565216, "mean": 8892.7759942488283}, "14": {"index": 6, "best": 132194.79525255173, "mean": 365560.88162975764}, "15": {"index": 1, "best": 1799.5065027764754, "mean": 3362.5096040462495}, "16": {"index": 7, "best": 4817.4837377847234, "mean": 5632.3021996838224}, "17": {"index": 5, "best": 3842.2060154965311, "mean": 4450.177421855713}, "18": {"index": 1, "best": 146426.27360333415, "mean": 763318.82261755946}, "19": {"index": 5, "best": 2098.9495996283736, "mean": 4767.5295353484562}, "20": {"index": 5, "best": 5231.0264864549881, "mean": 5690.7489984284721}}, "50": {"11": {"index": 1, "best": 1202.6948572844287, "mean": 1232.2042680402012}, "12": {"index": 3, "best": 74784.615962598182, "mean": 530814.64818448783}, "13": {"index": 0, "best": 2041.4881248184547, "mean": 4332.594499737228}, "14": {"index": 6, "best": 2466.0470562354931, "mean": 238838.47005087472}, "15": {"index": 5, "best": 13553.041864169023, "mean": 25636.76961109171}, "16": {"index": 1, "best": 2345.4007083320207, "mean": 2916.5610162213725}, "17": {"index": 7, "best": 2568.3835745997112, "mean": 2907.8692717799395}, "18": {"index": 8, "best": 36176.58677927751, "mean": 113941.31765662364}, "19": {"index": 7, "best": 2089.1722528047103, "mean": 7763.1723401154832}, "20": {"index": 2, "best": 3041.8130901917739, "mean": 3113.2894608401293}, "21": {"index": 0, "best": 2526.1908981905335, "mean": 2597.6771989053605}, "22": {"index": 7, "best": 10759.596740043044, "mean": 11032.880953040445}, "23": {"index": 0, "best": 2971.1606470391316, "mean": 3237.7786620454726}, "24": {"index": 0, "best": 3103.9551726791688, "mean": 3185.3826758178652}, "25": {"index": 3, "best": 2931.1629594293468, "mean": 2962.4717575557142}}, "30": {"11": {"index": 3, "best": 1152.7485294863966, "mean": 1174.5881300975241}, "12": {"index": 6, "best": 24821.171765163141, "mean": 58930.090241566766}, "13": {"index": 4, "best": 4276.9077420919639, "mean": 13775.816238571424}, "14": {"index": 6, "best": 1496.2198583593761, "mean": 42868.915799713708}, "15": {"index": 9, "best": 1688.0504601821717, "mean": 2222.6743225293994}, "17": {"index": 8, "best": 2062.8980232898971, "mean": 2546.9955962896629}, "18": {"index": 1, "best": 11841.608129648372, "mean": 184888.16218128378}, "19": {"index": 0, "best": 1959.7181896205846, "mean": 2156.9578745944268}, "20": {"index": 6, "best": 2706.3144406781189, "mean": 2805.6000636049175}, "21": {"index": 1, "best": 2414.5213402574836, "mean": 2456.718981968078}, "22": {"index": 3, "best": 2300.0000000000009, "mean": 4157.6987838443629}, "23": {"index": 2, "best": 2772.0020229249349, "mean": 2946.7493221058567}, "24": {"index": 0, "best": 2891.5576479900556, "mean": 2965.2255660886508}, "25": {"index": 3, "best": 2875.1068464396922, "mean": 2881.0913885878426}, "26": {"index": 3, "best": 2900.0000000000009, "mean": 3266.5109821535616}, "27": {"index": 7, "best": 3145.8103537909392, "mean": 3189.8226097385277}, "28": {"index": 3, "best": 3100.000000012275, "mean": 3131.0273154349898}, "29": {"index": 5, "best": 3305.3101385011969, "mean": 3626.8875521665154}, "30": {"index": 1, "best": 3263.4965358564532, "mean": 3749.6107220581421}}}, "DE": {"10": {"11": {"index": 4, "best": 1102.9857078261984, "mean": 1113.423105131696}, "12": {"index": 5, "best": 2531.746305268086, "mean": 6509.7430780596096}, "13": {"index": 5, "best": 1313.1302256168854, "mean": 1404.9036013292723}, "14": {"index": 6, "best": 1409.9496119849641, "mean": 1426.5719372563276}, "15": {"index": 3, "best": 1504.1313918552514, "mean": 1521.4466138132914}, "16": {"index": 5, "best": 1958.4206204914087, "mean": 2104.5557281861738}, "17": {"index": 5, "best": 1728.1949731333777, "mean": 1743.1552442384232}, "18": {"index": 0, "best": 1801.5860118065664, "mean": 1838.8405553710891}, "19": {"index": 4, "best": 1901.1954819568909, "mean": 1903.6047670198284}, "20": {"index": 2, "best": 2204.5541196137742, "mean": 2289.226577106755}, "21": {"index": 8, "best": 2337.7729937120293, "mean": 2387.2303572340611}, "22": {"index": 6, "best": 2300.8058515976891, "mean": 2304.132878999907}, "23": {"index": 7, "best": 3070.1770826614538, "mean": 3145.7722956895373}, "24": {"index": 0, "best": 2500.0, "mean": 2500.0}, "25": {"index": 8, "best": 2899.5849678716786, "mean": 2933.2498116537845}, "26": {"index": 6, "best": 2800.0, "mean": 4117.5970330314522}, "27": {"index": 3, "best": 3113.1576556354989, "mean": 3358.8064340878491}, "28": {"index": 3, "best": 3184.7556496106572, "mean": 3230.9214224621956}, "29": {"index": 8, "best": 3148.5871145276678, "mean": 3266.9797864201582}, "30": {"index": 8, "best": 3442.5550946993917, "mean": 11927.404684673869}}, "100": {"11": {"index": 0, "best": 7540.6179874890995, "mean": 11481.260145333345}, "12": {"index": 1, "best": 529993877.32483786, "mean": 1881773956.2878284}, "13": {"index": 0, "best": 7943.9249000823165, "mean": 508209.56266775785}, "14": {"index": 7, "best": 728122.83325320994, "mean": 1329183.1722363462}, "15": {"index": 3, "best": 2660.4657839930023, "mean": 181957.06013303922}, "16": {"index": 8, "best": 4749.2546634850778, "mean": 5847.8267383500834}, "17": {"index": 5, "best": 4397.4963515759173, "mean": 4958.4181823698491}, "18": {"index": 2, "best": 1357845.3930483412, "mean": 1938893.2797200705}, "19": {"index": 3, "best": 2482.1701592365598, "mean": 26455.706954471294}, "20": {"index": 3, "best": 4968.4974381937054, "mean": 5436.6040512833188}}, "50": {"11": {"index": 7, "best": 1170.8586032799549, "mean": 1258.5176353742816}, "12": {"index": 0, "best": 677263.07992758113, "mean": 16987989.981863119}, "13": {"index": 7, "best": 6005.5353077230902, "mean": 16893.949920541188}, "14": {"index": 9, "best": 38490.532315020471, "mean": 174367.45064995569}, "15": {"index": 6, "best": 2278.1412294383135, "mean": 26989.25550851092}, "16": {"index": 4, "best": 2722.0260106106734, "mean": 3176.9169015064085}, "17": {"index": 2, "best": 2799.9497756586652, "mean": 3289.6156501332748}, "18": {"index": 0, "best": 264037.12570240599, "mean": 872072.47739661834}, "19": {"index": 1, "best": 10051.912406937507, "mean": 20380.257130379709}, "20": {"index": 9, "best": 2950.9231954712891, "mean": 3274.3340153025647}, "21": {"index": 8, "best": 2596.7256632797385, "mean": 2689.6883628289343},